{"cameraMode":{"drawMode":0,"name":"Shaded","section":"Shading Mode"},"sceneLighting":false,"audioPlay":false,"sceneViewState":{"showFog":true,"showMaterialUpdate":false,"showSkybox":false,"showFlares":true,"showImageEffects":true,"showParticleSystems":true},"in2DMode":false,"pivot":{"x":0.589114248752594,"y":0.5758498311042786,"z":0.3160029649734497},"rotation":{"x":-0.048006054013967517,"y":-0.7678990364074707,"z":0.05793497711420059,"w":-0.6361671090126038},"size":2.8855559825897219,"orthographic":false}