{"cameraMode":{"drawMode":0,"name":"Shaded","section":"Shading Mode"},"sceneLighting":true,"audioPlay":false,"sceneViewState":{"showFog":true,"showMaterialUpdate":false,"showSkybox":true,"showFlares":true,"showImageEffects":true,"showParticleSystems":true},"in2DMode":false,"pivot":{"x":-11.969144821166993,"y":7.566564083099365,"z":27.234756469726564},"rotation":{"x":0.4205116033554077,"y":0.5214049220085144,"z":-0.3305239677429199,"w":0.6649566888809204},"size":14.422697067260743,"orthographic":false}