{"cameraMode":{"drawMode":0,"name":"Shaded","section":"Shading Mode"},"sceneLighting":true,"audioPlay":false,"sceneViewState":{"showFog":true,"showMaterialUpdate":false,"showSkybox":false,"showFlares":true,"showImageEffects":true,"showParticleSystems":true},"in2DMode":false,"pivot":{"x":0.09299993515014649,"y":0.3400001525878906,"z":0.0},"rotation":{"x":0.18326833844184876,"y":0.07186948508024216,"z":-0.013431553728878498,"w":0.9803465008735657},"size":12.12435531616211,"orthographic":false}