{"cameraMode":{"drawMode":0,"name":"Shaded","section":"Shading Mode"},"sceneLighting":false,"audioPlay":false,"sceneViewState":{"showFog":true,"showMaterialUpdate":false,"showSkybox":false,"showFlares":true,"showImageEffects":true,"showParticleSystems":true},"in2DMode":false,"pivot":{"x":1.1480000019073487,"y":0.8081495761871338,"z":-10.408223152160645},"rotation":{"x":-0.17828334867954255,"y":0.7424677014350891,"z":-0.21779152750968934,"w":-0.6078997850418091},"size":2.03967547416687,"orthographic":false}