{"cameraMode":{"drawMode":0,"name":"Shaded","section":"Shading Mode"},"sceneLighting":false,"audioPlay":false,"sceneViewState":{"showFog":true,"showMaterialUpdate":false,"showSkybox":false,"showFlares":true,"showImageEffects":true,"showParticleSystems":true},"in2DMode":false,"pivot":{"x":-2.8685312271118166,"y":3.0681819915771486,"z":-1.2507076263427735},"rotation":{"x":0.12347757071256638,"y":-0.7028962969779968,"z":0.1259535849094391,"w":0.6890833377838135},"size":7.095708847045898,"orthographic":false}