{"cameraMode":{"drawMode":0,"name":"Shaded","section":"Shading Mode"},"sceneLighting":false,"audioPlay":false,"sceneViewState":{"showFog":true,"showMaterialUpdate":false,"showSkybox":false,"showFlares":true,"showImageEffects":true,"showParticleSystems":true},"in2DMode":false,"pivot":{"x":-21.813400268554689,"y":5.723800182342529,"z":21.95639991760254},"rotation":{"x":0.27791470289230349,"y":-0.5327721834182739,"z":0.19075223803520204,"w":0.7762400507926941},"size":0.9483699202537537,"orthographic":false}