{"cameraMode":{"drawMode":0,"name":"Shaded","section":"Shading Mode"},"sceneLighting":false,"audioPlay":false,"sceneViewState":{"showFog":true,"showMaterialUpdate":false,"showSkybox":false,"showFlares":true,"showImageEffects":true,"showParticleSystems":true},"in2DMode":false,"pivot":{"x":0.0,"y":0.24255326390266419,"z":0.09777951240539551},"rotation":{"x":0.2684566080570221,"y":-0.5908001065254211,"z":0.21755190193653108,"w":0.7290924787521362},"size":0.3731844425201416,"orthographic":false}