{"cameraMode":{"drawMode":0,"name":"Shaded","section":"Shading Mode"},"sceneLighting":false,"audioPlay":false,"sceneViewState":{"showFog":true,"showMaterialUpdate":false,"showSkybox":false,"showFlares":true,"showImageEffects":true,"showParticleSystems":true},"in2DMode":false,"pivot":{"x":-9.5367431640625e-7,"y":0.06020449846982956,"z":-0.0000438690185546875},"rotation":{"x":0.2376781851053238,"y":-0.1840188354253769,"z":0.04591599106788635,"w":0.9526557922363281},"size":14.142422676086426,"orthographic":false}